,name,figi,uid,ticker,expiration_date,status,basic_asset_size,api_trade_available_flag,lot,class_code,min_price_increment
0,Nl-4.22 Никель,FUTNL0422000,,NlJ2,2022-04-19 00:00:00+00:00,1,100.0,True,1,SPBFUT,0.0
1,Co-5.22 Медь,FUTCO0522000,,CoK2,2022-05-17 00:00:00+00:00,11,100.0,False,1,SPBFUT,0.0
2,MOEX-3.22 Московская биржа,FUTMOEX03220,,MEH2,2022-03-30 00:00:00+00:00,1,100.0,True,1,SPBFUT,0.0
3,ED-12.22 Курс евро-доллар,FUTED1222000,,EDZ2,2022-12-15 00:00:00+00:00,11,1000.0,False,1,SPBFUT,0.0
4,AFKS-9.22 АФК Система (обыкновенные),FUTAFKS09220,,AKU2,2022-09-16 00:00:00+00:00,11,1000.0,False,1,SPBFUT,0.0
5,AFKS-9.21 обыкновенные акции ПАО «АФК «Система»,FUTAFKS09210,,AKU1,2021-09-17 00:00:00+00:00,1,1000.0,False,1,SPBFUT,0.0
6,PHOR-6.22 ФосАгро,FUTPHOR06220,,PHM2,2022-06-17 00:00:00+00:00,11,1.0,True,1,SPBFUT,0.0
7,MAIL-3.22 VK,FUTMAIL03220,,MLH2,2022-03-30 00:00:00+00:00,1,10.0,True,1,SPBFUT,0.0
8,SBRF-6.21 Сбербанк (обыкновенные),BBG00XGJ49J4,,SRM1,2021-06-18 00:00:00+00:00,1,100.0,False,1,SPBFUT,0.0
9,Si-9.22 Курс доллар - рубль,BBG00X86FJ70,,SiU2,2022-09-15 00:00:00+00:00,11,1000.0,True,1,SPBFUT,0.0
10,HYDR-12.21 РусГидро,FUTHYDR12210,,HYZ1,2021-12-17 00:00:00+00:00,1,10000.0,False,1,SPBFUT,0.0
11,ED-12.21 Курс евро - доллар,BBG00ZJ19XN2,,EDZ1,2021-12-16 00:00:00+00:00,1,1000.0,False,1,SPBFUT,0.0
12,MGNT-3.21 Магнит,BBG00VR4GFZ4,,MNH1,2021-03-19 00:00:00+00:00,1,1.0,False,1,SPBFUT,0.0
13,RTS-9.22 Индекс РТС,FUTRTS092200,,RIU2,2022-09-15 00:00:00+00:00,11,1.0,True,1,SPBFUT,0.0
14,RTSS-9.22 Индекс голубых фишек,FUTRTSS09220,,RSU2,2022-09-15 00:00:00+00:00,11,1.0,False,1,SPBFUT,0.0
15,SBPR-12.21 Сбер Банк (привилегированные),FUTSBPR12210,,SPZ1,2021-12-17 00:00:00+00:00,1,100.0,False,1,SPBFUT,0.0
16,RTSS-9.21 Индекс голубых фишек,FUTRTSS09210,,RSU1,2021-09-16 00:00:00+00:00,1,1.0,False,1,SPBFUT,0.0
17,NG-5.22 Природный газ,FUTNG0522000,,NGK2,2022-05-26 00:00:00+00:00,11,100.0,True,1,SPBFUT,0.0
18,CL-12.21 Нефть Light Sweet Crude Oil,FUTCL1221000,,CLZ1,2021-12-20 00:00:00+00:00,1,10.0,False,1,SPBFUT,0.0
19,SNGR-12.21 Сургутнефтегаз,FUTSNGR12210,,SNZ1,2021-12-17 00:00:00+00:00,1,1000.0,False,1,SPBFUT,0.0
20,BR-9.21 Нефть Brent,BBG00WXV6J97,,BRU1,2021-09-01 00:00:00+00:00,1,10.0,False,1,SPBFUT,0.0
21,RTKM-9.21 Ростелеком,FUTRTKM09210,,RTU1,2021-09-17 00:00:00+00:00,1,100.0,False,1,SPBFUT,0.0
22,MAGN-6.22 ММК,FUTMAGN06220,,MGM2,2022-06-17 00:00:00+00:00,11,1000.0,True,1,SPBFUT,0.0
23,CL-8.21 Нефть Light Sweet Crude Oil,FUTCL0821000,,CLQ1,2021-08-20 00:00:00+00:00,1,10.0,False,1,SPBFUT,0.0
24,RTS-6.23 Индекс РТС,FUTRTS062300,,RIM3,2023-06-15 00:00:00+00:00,11,1.0,True,1,SPBFUT,0.0
25,RTKM-9.22 Ростелеком,FUTRTKM09220,,RTU2,2022-09-16 00:00:00+00:00,11,100.0,False,1,SPBFUT,0.0
26,SILV-3.23 Серебро,FUTSILV03230,,SVH3,2023-03-16 00:00:00+00:00,11,10.0,False,1,SPBFUT,0.0
27,BR-4.21 Нефть Brent,BBG00STQ3LR0,,BRJ1,2021-04-01 00:00:00+00:00,1,10.0,False,1,SPBFUT,0.0
28,SPYF-9.22 SPDR S&P 500 ETF Trust,FUTSPYF09220,,SFU2,2022-09-16 00:00:00+00:00,11,1.0,True,1,SPBFUT,0.0
29,PLD-9.21 Палладий,FUTPLD092100,,PDU1,2021-09-16 00:00:00+00:00,1,1.0,False,1,SPBFUT,0.0
30,MXI-12.22 Индекс МосБиржи (мини),FUTMXI122200,,MMZ2,2022-12-15 00:00:00+00:00,11,1.0,False,1,SPBFUT,0.0
31,SILV-3.22 Серебро,FUTSILV03220,,SVH2,2022-03-17 00:00:00+00:00,1,10.0,True,1,SPBFUT,0.0
32,NG-8.22 Природный газ,FUTNG0822000,,NGQ2,2022-08-29 00:00:00+00:00,11,100.0,False,1,SPBFUT,0.0
33,MTSI-12.21 МТС,FUTMTSI12210,,MTZ1,2021-12-17 00:00:00+00:00,1,100.0,False,1,SPBFUT,0.0
34,LKOH-6.22 Лукойл,FUTLKOH06220,,LKM2,2022-06-17 00:00:00+00:00,11,10.0,True,1,SPBFUT,0.0
35,MTSI-12.22 МТС,FUTMTSI12220,,MTZ2,2022-12-16 00:00:00+00:00,11,100.0,False,1,SPBFUT,0.0
36,SUGR-3.22 Сахар,FUTSUGR03220,,SAH2,2022-03-01 00:00:00+00:00,1,1016.0,True,1,SPBFUT,0.0
37,FEES-6.22 ФСК ЕЭС,FUTFEES06220,,FSM2,2022-06-17 00:00:00+00:00,11,100000.0,True,1,SPBFUT,0.0
38,MGNT-6.21 Магнит,BBG00VR4GG00,,MNM1,2021-06-18 00:00:00+00:00,1,1.0,False,1,SPBFUT,0.0
39,Si-12.23 Курс доллар - рубль,FUTSI1223000,,SiZ3,2023-12-21 00:00:00+00:00,11,1000.0,True,1,SPBFUT,0.0
40,AFLT-6.22 Аэрофлот,FUTAFLT06220,,AFM2,2022-06-17 00:00:00+00:00,11,100.0,True,1,SPBFUT,0.0
41,YNDF-12.22 Яндекс,FUTYNDF12220,,YNZ2,2022-12-16 00:00:00+00:00,11,10.0,True,1,SPBFUT,0.0
42,YNDF-12.21 Яндекс,FUTYNDF12210,,YNZ1,2021-12-17 00:00:00+00:00,1,10.0,False,1,SPBFUT,0.0
43,BR-3.21 Нефть Brent,BBG00RZ3NHN7,,BRH1,2021-03-01 00:00:00+00:00,1,10.0,False,1,SPBFUT,0.0
44,SNGR-6.22 Сургутнефтегаз,FUTSNGR06220,,SNM2,2022-06-17 00:00:00+00:00,11,1000.0,True,1,SPBFUT,0.0
45,UJPY-12.21 Курс доллар США - Японская йена,FUTUJPY12210,,JPZ1,2021-12-16 00:00:00+00:00,1,1000.0,False,1,SPBFUT,0.0
46,PLD-9.22 Палладий,FUTPLD092200,,PDU2,2022-09-15 00:00:00+00:00,11,1.0,True,1,SPBFUT,0.0
47,SILV-9.22 Серебро,FUTSILV09220,,SVU2,2022-09-15 00:00:00+00:00,11,10.0,True,1,SPBFUT,0.0
48,Nl-7.22 Никель,FUTNL0722000,,NlN2,2022-07-19 00:00:00+00:00,11,100.0,False,1,SPBFUT,0.0
49,MAIL-9.22 VK,FUTMAIL09220,,MLU2,2022-09-16 00:00:00+00:00,11,10.0,False,1,SPBFUT,0.0
50,RTS-9.23 Индекс РТС,FUTRTS092300,,RIU3,2023-09-21 00:00:00+00:00,11,1.0,True,1,SPBFUT,0.0
51,MXI-3.22 Индекс МосБиржи (мини),FUTMXI032200,,MMH2,2022-03-29 00:00:00+00:00,1,1.0,True,1,SPBFUT,0.0
52,BR-3.23 Нефть Brent,FUTBR0323000,,BRH3,2023-03-01 00:00:00+00:00,11,10.0,False,1,SPBFUT,0.0
53,MAIL-9.21 MAIL.RU,FUTMAIL09210,,MLU1,2021-09-17 00:00:00+00:00,1,10.0,False,1,SPBFUT,0.0
54,HYDR-3.21 Русгидро,BBG00VLFPJX9,,HYH1,2021-03-19 00:00:00+00:00,1,10000.0,False,1,SPBFUT,0.0
55,SUGR-10.21 Cахар,FUTSUGR10210,,SAV1,2021-10-01 00:00:00+00:00,1,1016.0,False,1,SPBFUT,0.0
56,SUGR-10.22 Cахар,FUTSUGR10220,,SAV2,2022-10-03 00:00:00+00:00,11,1016.0,False,1,SPBFUT,0.0
57,GOLD-3.23 Золото,FUTGOLD03230,,GDH3,2023-03-16 00:00:00+00:00,11,1.0,False,1,SPBFUT,0.0
58,Nl-9.21 Никель,FUTNL0921000,,NlU1,2021-09-14 00:00:00+00:00,1,100.0,False,1,SPBFUT,0.0
59,GMKN-12.21 Норильский никель,FUTGMKN12210,,GKZ1,2021-12-17 00:00:00+00:00,1,1.0,False,1,SPBFUT,0.0
60,RVI-6.22 Волатильность российского рынка,FUTRVI062200,,VIM2,2022-06-16 00:00:00+00:00,11,1.0,True,1,SPBFUT,0.0
61,HYDR-6.22 РусГидро,FUTHYDR06220,,HYM2,2022-06-17 00:00:00+00:00,11,10000.0,True,1,SPBFUT,0.0
62,DSKY-6.22 Детский мир,FUTDSKY06220,,DYM2,2022-06-17 00:00:00+00:00,11,100.0,True,1,SPBFUT,0.0
63,FIVE-12.21 X5 RetailGroup,FUTFIVE12210,,FVZ1,2021-12-17 00:00:00+00:00,1,10.0,False,1,SPBFUT,0.0
64,GMKN-12.22 Норильский никель,FUTGMKN12220,,GKZ2,2022-12-16 00:00:00+00:00,11,1.0,False,1,SPBFUT,0.0
65,BR-8.22 Нефть Brent,FUTBR0822000,,BRQ2,2022-08-01 00:00:00+00:00,11,10.0,True,1,SPBFUT,0.0
66,GBPU-6.22 Курс Фунт стерлингов - Доллар,FUTGBPU06220,,GUM2,2022-06-16 00:00:00+00:00,11,1000.0,True,1,SPBFUT,0.0
67,OZON-9.21 Озон,FUTOZON09210,,OZU1,2021-09-17 00:00:00+00:00,1,10.0,False,1,SPBFUT,0.0
68,MXI-12.21 Индекс МосБиржи (мини),FUTMXI122100,,MMZ1,2021-12-16 00:00:00+00:00,1,1.0,False,1,SPBFUT,0.0
69,OZON-9.22 Озон,FUTOZON09220,,OZU2,2022-09-16 00:00:00+00:00,11,10.0,False,1,SPBFUT,0.0
70,BR-2.21 Нефть Brent,BBG00RHGF1L4,,BRG1,2021-02-01 00:00:00+00:00,1,10.0,False,1,SPBFUT,0.0
71,SMLT-6.22 ГК Самолет,FUTSMLT06220,,SSM2,2022-06-17 00:00:00+00:00,11,1.0,True,1,SPBFUT,0.0
72,GOLD-3.22 Золото,FUTGOLD03220,,GDH2,2022-03-17 00:00:00+00:00,1,1.0,True,1,SPBFUT,0.0
73,ALMN-10.21 Алюминий,FUTALMN10210,,AMV1,2021-10-19 00:00:00+00:00,1,1.0,False,1,SPBFUT,0.0
74,BR-10.22 Нефть Brent,FUTBR1022000,,BRV2,2022-10-03 00:00:00+00:00,11,10.0,True,1,SPBFUT,0.0
75,ALMN-9.21 Алюминий,FUTALMN09210,,AMU1,2021-09-14 00:00:00+00:00,1,1.0,False,1,SPBFUT,0.0
76,NG-7.21 Природный газ,FUTNG0721000,,NGN1,2021-07-28 00:00:00+00:00,1,100.0,False,1,SPBFUT,0.0
77,Eu-6.22 Курс евро - рубль,BBG00YHPF166,,EuM2,2022-06-16 00:00:00+00:00,11,1000.0,True,1,SPBFUT,0.0
78,SBRF-12.22 Сбер Банк (обыкновенные),FUTSBRF12220,,SRZ2,2022-12-16 00:00:00+00:00,11,100.0,True,1,SPBFUT,0.0
79,OZON-3.22 Озон,FUTOZON03220,,OZH2,2022-03-30 00:00:00+00:00,1,10.0,True,1,SPBFUT,0.0
80,SBRF-12.21 Сбер Банк (обыкновенные),FUTSBRF12210,,SRZ1,2021-12-17 00:00:00+00:00,1,100.0,False,1,SPBFUT,0.0
81,RVI-9.21 Волатильность российского рынка,FUTRVI092100,,VIU1,2021-09-16 00:00:00+00:00,1,1.0,False,1,SPBFUT,0.0
82,AFLT-12.22  Аэрофлот,FUTAFLT12220,,AFZ2,2022-12-16 00:00:00+00:00,11,100.0,False,1,SPBFUT,0.0
83,ROSN-3.25 Роснефть,FUTROSN03250,,RNH5,2025-03-21 00:00:00+00:00,11,100.0,True,1,SPBFUT,0.0
84,Nl-10.21 Никель,FUTNL1021000,,NlV1,2021-10-19 00:00:00+00:00,1,100.0,False,1,SPBFUT,0.0
85,MGNT-3.22 Магнит,FUTMGNT03220,,MNH2,2022-03-31 00:00:00+00:00,1,1.0,True,1,SPBFUT,0.0
86,BR-12.22 Нефть Brent,FUTBR1222000,,BRZ2,2022-12-01 00:00:00+00:00,11,10.0,True,1,SPBFUT,0.0
87,Si-12.22 Курс доллар - рубль,BBG00YHPF1H4,,SiZ2,2022-12-15 00:00:00+00:00,11,1000.0,True,1,SPBFUT,0.0
88,BR-3.22 Нефть Brent,FUTBR0322000,,BRH2,2022-03-01 00:00:00+00:00,1,10.0,True,1,SPBFUT,0.0
89,BR-1.21 Нефть Brent,BBG00R879VM4,,BRF1,2021-01-04 00:00:00+00:00,1,10.0,False,1,SPBFUT,0.0
90,GAZR-12.24 Газпром,FUTGAZR12240,,GZZ4,2024-12-20 00:00:00+00:00,11,100.0,True,1,SPBFUT,0.0
91,GAZR-12.22 Газпром,FUTGAZR12220,,GZZ2,2022-12-16 00:00:00+00:00,11,100.0,True,1,SPBFUT,0.0
92,ROSN-3.22 Роснефть,FUTROSN03220,,RNH2,2022-03-30 00:00:00+00:00,1,100.0,True,1,SPBFUT,0.0
93,ALRS-9.22 Алроса,FUTALRS09220,,ALU2,2022-09-16 00:00:00+00:00,11,100.0,False,1,SPBFUT,0.0
94,GOLD-9.22 Золото,FUTGOLD09220,,GDU2,2022-09-15 00:00:00+00:00,11,1.0,True,1,SPBFUT,0.0
95,RVI-10.21 Волатильность российского рынка,FUTRVI102100,,VIV1,2021-10-21 00:00:00+00:00,1,1.0,False,1,SPBFUT,0.0
96,MOEX-6.21 Московская Биржа,BBG00YDJ26F7,,MEM1,2021-06-18 00:00:00+00:00,1,100.0,False,1,SPBFUT,0.0
97,ROSN-9.22 Роснефть,FUTROSN09220,,RNU2,2022-09-16 00:00:00+00:00,11,100.0,True,1,SPBFUT,0.0
98,FIVE-6.22 X5 RetailGroup,FUTFIVE06220,,FVM2,2022-06-17 00:00:00+00:00,11,10.0,True,1,SPBFUT,0.0
99,IRAO-3.22 Интер РАО ЕЭС,FUTIRAO03220,,IRH2,2022-03-30 00:00:00+00:00,1,10000.0,True,1,SPBFUT,0.0
100,TRNF-6.22 Транснефть (привилегированные),FUTTRNF06220,,TNM2,2022-06-17 00:00:00+00:00,11,1.0,False,1,SPBFUT,0.0
101,ROSN-9.24 Роснефть,FUTROSN09240,,RNU4,2024-09-20 00:00:00+00:00,11,100.0,True,1,SPBFUT,0.0
102,LKOH-12.22 Лукойл,FUTLKOH12220,,LKZ2,2022-12-16 00:00:00+00:00,11,10.0,True,1,SPBFUT,0.0
103,GBPU-12.21 Курс Фунт стерлингов - Доллар,FUTGBPU12210,,GUZ1,2021-12-16 00:00:00+00:00,1,1000.0,False,1,SPBFUT,0.0
104,GOLD-6.21 Золото,BBG00V9Q7Q54,,GDM1,2021-06-17 00:00:00+00:00,1,1.0,False,1,SPBFUT,0.0
105,MAGN-6.21 ММК,BBG00YDJ26G6,,MGM1,2021-06-18 00:00:00+00:00,1,1000.0,False,1,SPBFUT,0.0
106,AFLT-12.21 Аэрофлот,FUTAFLT12210,,AFZ1,2021-12-17 00:00:00+00:00,1,100.0,False,1,SPBFUT,0.0
107,YNDF-6.22 Яндекс,FUTYNDF06220,,YNM2,2022-06-17 00:00:00+00:00,11,10.0,True,1,SPBFUT,0.0
108,AFLT-6.21 Аэрофлот,BBG00YDJ2603,,AFM1,2021-06-18 00:00:00+00:00,1,100.0,False,1,SPBFUT,0.0
109,RTS-6.21 Индекс РТС,BBG00PG5BZS5,,RIM1,2021-06-17 00:00:00+00:00,1,1.0,False,1,SPBFUT,0.0
110,RSTI-6.22 Российские сети (обыкновенные),FUTRSTI06220,,REM2,2022-06-17 00:00:00+00:00,11,10000.0,True,1,SPBFUT,0.0
111,ALRS-9.21 Алроса,BBG00Z6SMYX9,,ALU1,2021-09-17 00:00:00+00:00,1,100.0,False,1,SPBFUT,0.0
112,CNI-6.22 Индекс Потребительского сектора,FUTCNI062200,,CSM2,2022-06-16 00:00:00+00:00,11,1.0,True,1,SPBFUT,0.0
113,RGBI-6.22 Индекс Государственных облигаций,FUTRGBI06220,,RBM2,2022-06-01 00:00:00+00:00,11,1.0,True,1,SPBFUT,0.0
114,VTBR-12.22 ВТБ,FUTVTBR12220,,VBZ2,2022-12-16 00:00:00+00:00,11,100000.0,True,1,SPBFUT,0.0
115,RVI-1.22 Волатильность российского рынка,FUTRVI012200,,VIF2,2022-01-20 00:00:00+00:00,1,1.0,True,1,SPBFUT,0.0
116,MGNT-9.21 Магнит,BBG00Z6SMZ11,,MNU1,2021-09-17 00:00:00+00:00,1,1.0,False,1,SPBFUT,0.0
117,TATN-3.22 Татнефть,FUTTATN03220,,TTH2,2022-03-30 00:00:00+00:00,1,100.0,True,1,SPBFUT,0.0
118,CL-10.21 Нефть Light Sweet Crude Oil,FUTCL1021000,,CLV1,2021-10-20 00:00:00+00:00,1,10.0,False,1,SPBFUT,0.0
119,BR-2.22 Нефть Brent,FUTBR0222000,,BRG2,2022-02-01 00:00:00+00:00,1,10.0,True,1,SPBFUT,0.0
120,BR-9.22 Нефть Brent,FUTBR0922000,,BRU2,2022-09-01 00:00:00+00:00,11,10.0,True,1,SPBFUT,0.0
121,MXI-9.22 Индекс МосБиржи (мини),FUTMXI092200,,MMU2,2022-09-15 00:00:00+00:00,11,1.0,True,1,SPBFUT,0.0
122,VTBR-12.21 ВТБ,FUTVTBR12210,,VBZ1,2021-12-17 00:00:00+00:00,1,100000.0,False,1,SPBFUT,0.0
123,Co-7.22 Медь,FUTCO0722000,,CoN2,2022-07-19 00:00:00+00:00,11,100.0,False,1,SPBFUT,0.0
124,SNGP-6.21 Сургутнефтегаз (привилегированные),BBG00YDJ26P6,,SGM1,2021-06-18 00:00:00+00:00,1,1000.0,False,1,SPBFUT,0.0
125,SNGR-6.21 Сургутнефтегаз (обыкновенные),BBG00YDJ26W8,,SNM1,2021-06-18 00:00:00+00:00,1,1000.0,False,1,SPBFUT,0.0
126,MXI-3.25 Индекс МосБиржи (мини),FUTMXI032500,,MMH5,2025-03-20 00:00:00+00:00,11,1.0,True,1,SPBFUT,0.0
127,SNGP-6.22 Сургутнефтегаз (привилегированные),FUTSNGP06220,,SGM2,2022-06-17 00:00:00+00:00,11,1000.0,True,1,SPBFUT,0.0
128,YNDF-6.21 Яндекс,BBG00YDJ2747,,YNM1,2021-06-17 00:00:00+00:00,1,10.0,False,1,SPBFUT,0.0
129,EURRUBF Евро - Рубль,FUTEURRUBF00,,EURRUBF,2099-12-31 00:00:00+00:00,11,1000.0,True,1,SPBFUT,0.0
130,SBRF-6.22 Сбер Банк (обыкновенные),FUTSBRF06220,,SRM2,2022-06-17 00:00:00+00:00,11,100.0,True,1,SPBFUT,0.0
131,NLMK-9.21 НЛМК,FUTNLMK09210,,NMU1,2021-09-17 00:00:00+00:00,1,100.0,False,1,SPBFUT,0.0
132,Co-12.21 Фьючерс на медь,FUTCO1221000,,CoZ1,2021-12-14 00:00:00+00:00,1,100.0,False,1,SPBFUT,0.0
133,ED-3.22 Курс евро - доллар,FUTED0322000,,EDH2,2022-03-17 00:00:00+00:00,1,1000.0,True,1,SPBFUT,0.0
134,NLMK-9.22 НЛМК,FUTNLMK09220,,NMU2,2022-09-16 00:00:00+00:00,11,100.0,False,1,SPBFUT,0.0
135,AUDU-6.22 Курс Австралийский доллар - Доллар США,FUTAUDU06220,,AUM2,2022-06-16 00:00:00+00:00,11,1000.0,True,1,SPBFUT,0.0
136,SBPR-6.21 Сбербанк (привилегированные),BBG00YDJ26X7,,SPM1,2021-06-18 00:00:00+00:00,1,100.0,False,1,SPBFUT,0.0
137,ED-3.21 Курс евро - доллар,BBG00V9Q7970,,EDH1,2021-03-18 00:00:00+00:00,1,1000.0,False,1,SPBFUT,0.0
138,PIKK-12.21 ПИК,FUTPIKK12210,,PIZ1,2021-12-17 00:00:00+00:00,1,10.0,False,1,SPBFUT,0.0
139,YNDF-9.22 Яндекс,FUTYNDF09220,,YNU2,2022-09-16 00:00:00+00:00,11,10.0,True,1,SPBFUT,0.0
140,PLZL-3.22 Полюс Золото,FUTPLZL03220,,PZH2,2022-03-30 00:00:00+00:00,1,10.0,True,1,SPBFUT,0.0
141,UCHF-12.21 Курс доллар США - Швейцарский франк,FUTUCHF12210,,CFZ1,2021-12-16 00:00:00+00:00,1,1000.0,False,1,SPBFUT,0.0
142,BR-5.22 Нефть Brent,FUTBR0522000,,BRK2,2022-05-04 00:00:00+00:00,1,10.0,True,1,SPBFUT,0.0
143,RUAL-6.22 РУСАЛ,FUTRUAL06220,,RLM2,2022-06-17 00:00:00+00:00,11,100.0,True,1,SPBFUT,0.0
144,Si-3.23 Курс доллар - рубль,FUTSI0323000,,SiH3,2023-03-16 00:00:00+00:00,11,1000.0,True,1,SPBFUT,0.0
145,MXI-9.21 Индекс МосБиржи (мини),BBG00X44ZTR3,,MMU1,2021-09-16 00:00:00+00:00,1,1.0,False,1,SPBFUT,0.0
146,NLMK-3.22 НЛМК,FUTNLMK03220,,NMH2,2022-03-30 00:00:00+00:00,1,100.0,True,1,SPBFUT,0.0
147,GAZR-6.21 Газпром,BBG00VLFPWZ8,,GZM1,2021-06-18 00:00:00+00:00,1,100.0,False,1,SPBFUT,0.0
148,SNGP-12.21 Сургутнефтегаз (привилегированные),FUTSNGP12210,,SGZ1,2021-12-17 00:00:00+00:00,1,1000.0,False,1,SPBFUT,0.0
149,GAZR-6.24 Газпром,FUTGAZR06240,,GZM4,2024-06-21 00:00:00+00:00,11,100.0,True,1,SPBFUT,0.0
150,ALRS-12.21 Алроса,FUTALRS12210,,ALZ1,2021-12-17 00:00:00+00:00,1,100.0,False,1,SPBFUT,0.0
151,ALRS-12.22 Алроса,FUTALRS12220,,ALZ2,2022-12-16 00:00:00+00:00,11,100.0,False,1,SPBFUT,0.0
152,GAZR-6.22 Газпром,FUTGAZR06220,,GZM2,2022-06-17 00:00:00+00:00,11,100.0,True,1,SPBFUT,0.0
153,NG-12.21 Природный газ,FUTNG1221000,,NGZ1,2021-12-29 00:00:00+00:00,1,100.0,False,1,SPBFUT,0.0
154,PLZL-9.21 Полюс Золото,FUTPLZL09210,,PZU1,2021-09-17 00:00:00+00:00,1,10.0,False,1,SPBFUT,0.0
155,PLZL-9.22 Полюс Золото,FUTPLZL09220,,PZU2,2022-09-16 00:00:00+00:00,11,10.0,False,1,SPBFUT,0.0
156,NG-10.22 Природный газ,FUTNG1022000,,NGV2,2022-10-27 00:00:00+00:00,11,100.0,False,1,SPBFUT,0.0
157,GMKN-9.21 Норильский никель,BBG00XGJ45W7,,GKU1,2021-09-17 00:00:00+00:00,1,1.0,False,1,SPBFUT,0.0
158,POLY-9.22 Polymetal,FUTPOLY09220,,POU2,2022-09-16 00:00:00+00:00,11,10.0,False,1,SPBFUT,0.0
159,SIBN-3.22 Газпром нефть,FUTSIBN03220,,SOH2,2022-03-30 00:00:00+00:00,1,10.0,True,1,SPBFUT,0.0
160,POLY-9.21 Polymetal,FUTPOLY09210,,POU1,2021-09-17 00:00:00+00:00,1,10.0,False,1,SPBFUT,0.0
161,IRAO-9.22 Интер РАО ЕЭС,FUTIRAO09220,,IRU2,2022-09-16 00:00:00+00:00,11,10000.0,False,1,SPBFUT,0.0
162,BR-12.21 Нефть Brent,BBG00YBCY3D8,,BRZ1,2021-12-01 00:00:00+00:00,1,10.0,False,1,SPBFUT,0.0
163,IRAO-9.21 Интер РАО ЕЭС,FUTIRAO09210,,IRU1,2021-09-17 00:00:00+00:00,1,10000.0,False,1,SPBFUT,0.0
164,GAZR-3.21 Газпром,BBG00SMQ3PJ7,,GZH1,2021-03-19 00:00:00+00:00,1,100.0,False,1,SPBFUT,0.0
165,CY-6.22 Курс Юань - Рубль,FUTCY0622000,,CYM2,2022-06-16 00:00:00+00:00,11,10000.0,True,1,SPBFUT,0.0
166,MGNT-6.22 Магнит,FUTMGNT06220,,MNM2,2022-06-17 00:00:00+00:00,11,1.0,True,1,SPBFUT,0.0
167,UCAD-6.22 Курс Доллар США - Канадский доллар,FUTUCAD06220,,CAM2,2022-06-16 00:00:00+00:00,11,1000.0,True,1,SPBFUT,0.0
168,MXI-6.24 Индекс МосБиржи (мини),FUTMXI062400,,MMM4,2024-06-20 00:00:00+00:00,11,1.0,True,1,SPBFUT,0.0
169,RVI-4.22 Волатильность российского рынка,FUTRVI042200,,VIJ2,2022-04-21 00:00:00+00:00,1,1.0,True,1,SPBFUT,0.0
170,RTSS-12.21 Индекс голубых фишек,FUTRTSS12210,,RSZ1,2021-12-16 00:00:00+00:00,1,1.0,False,1,SPBFUT,0.0
171,CL-9.21 Нефть Light Sweet Crude Oil,FUTCL0921000,,CLU1,2021-09-21 00:00:00+00:00,1,10.0,False,1,SPBFUT,0.0
172,MTLR-6.22 Мечел (обыкновенные),FUTMTLR06220,,MCM2,2022-06-17 00:00:00+00:00,11,100.0,True,1,SPBFUT,0.0
173,UCAD-12.21 Курс Доллар США - Канадский доллар,FUTUCAD12210,,CAZ1,2021-12-16 00:00:00+00:00,1,1000.0,False,1,SPBFUT,0.0
174,MXI-3.23 Индекс МосБиржи (мини),FUTMXI032300,,MMH3,2023-03-16 00:00:00+00:00,11,1.0,False,1,SPBFUT,0.0
175,MOEX-3.21 Московская Биржа,BBG00VDW1Q25,,MEH1,2021-03-19 00:00:00+00:00,1,100.0,False,1,SPBFUT,0.0
176,PLT-6.21 Платина,BBG00VR6G4C9,,PTM1,2021-06-17 00:00:00+00:00,1,1.0,False,1,SPBFUT,0.0
177,RTS-3.21 Индекс РТС,BBG00NLJW507,,RIH1,2021-03-18 00:00:00+00:00,1,1.0,False,1,SPBFUT,0.0
178,BR-5.23 Нефть Brent,FUTBR0523000,,BRK3,2023-05-01 00:00:00+00:00,11,10.0,False,1,SPBFUT,0.0
179,Si-3.21 Курс доллар - рубль,BBG00NLJW525,,SiH1,2021-03-18 00:00:00+00:00,1,1000.0,False,1,SPBFUT,0.0
180,NG-2.22 Природный газ,FUTNG0222000,,NGG2,2022-02-24 00:00:00+00:00,1,100.0,True,1,SPBFUT,0.0
181,HOME-3.22 Индекс московской недвижимости,FUTHOME03220,,HOH2,2022-03-23 00:00:00+00:00,1,1.0,True,1,SPBFUT,0.0
182,VTBR-6.22 ВТБ,FUTVTBR06220,,VBM2,2022-06-17 00:00:00+00:00,11,100000.0,True,1,SPBFUT,0.0
183,SUGR-5.22 Cахар,FUTSUGR05220,,SAK2,2022-05-04 00:00:00+00:00,1,1016.0,True,1,SPBFUT,0.0
184,NOTK-9.21 НОВАТЭК,FUTNOTK09210,,NKU1,2021-09-17 00:00:00+00:00,1,100.0,False,1,SPBFUT,0.0
185,MOEX-9.22 Московская биржа,FUTMOEX09220,,MEU2,2022-09-16 00:00:00+00:00,11,100.0,False,1,SPBFUT,0.0
186,SBPR-9.21 Сбер Банк (привилегированные),BBG000SB3X62,,SPU1,2021-09-17 00:00:00+00:00,1,100.0,False,1,SPBFUT,0.0
187,AFKS-3.22 АФК Система - обыкновенные акции,FUTAFKS03220,,AKH2,2022-03-30 00:00:00+00:00,1,1000.0,True,1,SPBFUT,0.0
188,TATN-9.22 Татнефть,FUTTATN09220,,TTU2,2022-09-16 00:00:00+00:00,11,100.0,False,1,SPBFUT,0.0
189,NOTK-9.22 Новатэк,FUTNOTK09220,,NKU2,2022-09-16 00:00:00+00:00,11,100.0,False,1,SPBFUT,0.0
190,TATN-9.21 Татнефть,FUTTATN09210,,TTU1,2021-09-17 00:00:00+00:00,1,100.0,False,1,SPBFUT,0.0
191,SBPR-9.22 Сбер Банк (привилегированные),FUTSBPR09220,,SPU2,2022-09-16 00:00:00+00:00,11,100.0,False,1,SPBFUT,0.0
192,CNYRUBF Юань - Рубль,FUTCNYRUBF00,,CNYRUBF,2099-12-31 00:00:00+00:00,11,1000.0,True,1,SPBFUT,0.0
193,SBRF-3.21 Сбербанк (обыкновенные),BBG00VLFPYB0,,SRH1,2021-03-19 00:00:00+00:00,1,100.0,False,1,SPBFUT,0.0
194,UJPY-6.22 Курс доллар США - Японская йена,FUTUJPY06220,,JPM2,2022-06-16 00:00:00+00:00,11,1000.0,True,1,SPBFUT,0.0
195,Co-9.21 Медь,FUTCO0921000,,CoU1,2021-09-14 00:00:00+00:00,1,100.0,False,1,SPBFUT,0.0
196,SNGR-9.22 Сургутнефтегаз,FUTSNGR09220,,SNU2,2022-09-16 00:00:00+00:00,11,1000.0,False,1,SPBFUT,0.0
197,SNGR-9.21 Сургутнефтегаз (обыкновенные),FUTSNGR09210,,SNU1,2021-09-17 00:00:00+00:00,1,1000.0,False,1,SPBFUT,0.0
198,MXI-12.24 Индекс МосБиржи (мини),FUTMXI122400,,MMZ4,2024-12-19 00:00:00+00:00,11,1.0,True,1,SPBFUT,0.0
199,RTSM-9.22 Индекс РТС (мини),FUTRTSM09220,,RMU2,2022-09-15 00:00:00+00:00,11,1.0,True,1,SPBFUT,0.0
200,RTSM-9.21 Индекс РТС (мини),FUTRTSM09210,,RMU1,2021-09-16 00:00:00+00:00,1,1.0,False,1,SPBFUT,0.0
201,HOME-9.22 Индекс московской недвижимости,FUTHOME09220,,HOU2,2022-09-21 00:00:00+00:00,11,1.0,False,1,SPBFUT,0.0
202,SBPR-3.22 Сбер Банк (привилегированные),FUTSBPR03220,,SPH2,2022-03-30 00:00:00+00:00,1,100.0,True,1,SPBFUT,0.0
203,Nl-8.22 Никель,FUTNL0822000,,NlQ2,2022-08-16 00:00:00+00:00,11,100.0,False,1,SPBFUT,0.0
204,MTSI-9.21 МТС,FUTMTSI09210,,MTU1,2021-09-17 00:00:00+00:00,1,100.0,False,1,SPBFUT,0.0
205,MTSI-9.22 МТС,FUTMTSI09220,,MTU2,2022-09-16 00:00:00+00:00,11,100.0,False,1,SPBFUT,0.0
206,NG-7.22 Природный газ,FUTNG0722000,,NGN2,2022-07-27 00:00:00+00:00,11,100.0,False,1,SPBFUT,0.0
207,SIBN-9.22 Газпром нефть,FUTSIBN09220,,SOU2,2022-09-16 00:00:00+00:00,11,10.0,False,1,SPBFUT,0.0
208,GMKN-6.22 Норильский никель,FUTGMKN06220,,GKM2,2022-06-17 00:00:00+00:00,11,1.0,True,1,SPBFUT,0.0
209,GAZR-9.21 Газпром,BBG00XGJ48J6,,GZU1,2021-09-17 00:00:00+00:00,1,100.0,False,1,SPBFUT,0.0
210,SPYF-12.21 SPDR S&P 500 ETF Trust,FUTSPYF12210,,SFZ1,2021-12-17 00:00:00+00:00,1,1.0,False,1,SPBFUT,0.0
211,AUDU-12.21 Курс Австралийский доллар - Доллар США,FUTAUDU12210,,AUZ1,2021-12-16 00:00:00+00:00,1,1000.0,False,1,SPBFUT,0.0
212,RVI-7.22 Волатильность российского рынка,FUTRVI072200,,VIN2,2022-07-21 00:00:00+00:00,11,1.0,False,1,SPBFUT,0.0
213,MIX-9.21 Индекс МосБиржи,BBG00X4504J2,,MXU1,2021-09-16 00:00:00+00:00,1,1.0,False,1,SPBFUT,0.0
214,Si-6.21 Курс доллар - рубль,BBG00PG5C001,,SiM1,2021-06-17 00:00:00+00:00,1,1000.0,False,1,SPBFUT,0.0
215,PIKK-6.22 ПИК,FUTPIKK06220,,PIM2,2022-06-17 00:00:00+00:00,11,10.0,True,1,SPBFUT,0.0
216,POLY-3.22 Polymetal,FUTPOLY03220,,POH2,2022-03-30 00:00:00+00:00,1,10.0,True,1,SPBFUT,0.0
217,RTSM-3.22 Индекс РТС (мини),FUTRTSM03220,,RMH2,2022-03-29 00:00:00+00:00,1,1.0,True,1,SPBFUT,0.0
218,NG-9.21 Природный газ,FUTNG0921000,,NGU1,2021-09-28 00:00:00+00:00,1,100.0,False,1,SPBFUT,0.0
219,FEES-12.21 ФСК ЕЭС,FUTFEES12210,,FSZ1,2021-12-17 00:00:00+00:00,1,100000.0,False,1,SPBFUT,0.0
220,UCHF-6.22 Курс доллар США - Швейцарский франк,FUTUCHF06220,,CFM2,2022-06-16 00:00:00+00:00,11,1000.0,True,1,SPBFUT,0.0
221,SPYF-12.22 SPDR S&P 500 ETF Trust,FUTSPYF12220,,SFZ2,2022-12-16 00:00:00+00:00,11,1.0,True,1,SPBFUT,0.0
222,RTSM-3.23 Индекс РТС (мини),FUTRTSM03230,,RMH3,2023-03-16 00:00:00+00:00,11,1.0,False,1,SPBFUT,0.0
223,BR-7.22 Нефть Brent,FUTBR0722000,,BRN2,2022-07-01 00:00:00+00:00,11,10.0,True,1,SPBFUT,0.0
224,GOLD-9.21 Золото,BBG00X44YCD6,,GDU1,2021-09-16 00:00:00+00:00,1,1.0,False,1,SPBFUT,0.0
225,Co-2.22 Медь,FUTCO0222000,,CoG2,2022-02-15 00:00:00+00:00,1,100.0,False,1,SPBFUT,0.0
226,RTKM-3.22 Ростелеком,FUTRTKM03220,,RTH2,2022-03-30 00:00:00+00:00,1,100.0,True,1,SPBFUT,0.0
227,PHOR-9.22 ФосАгро,FUTPHOR09220,,PHU2,2022-09-16 00:00:00+00:00,11,1.0,False,1,SPBFUT,0.0
228,MAGN-3.22 ММК,FUTMAGN03220,,MGH2,2022-03-30 00:00:00+00:00,1,1000.0,True,1,SPBFUT,0.0
229,MXI-6.22 Индекс МосБиржи (мини),FUTMXI062200,,MMM2,2022-06-16 00:00:00+00:00,11,1.0,True,1,SPBFUT,0.0
230,Nl-3.22 Никель,FUTNL0322000,,NlH2,2022-03-15 00:00:00+00:00,1,100.0,True,1,SPBFUT,0.0
231,Eu-9.22 Курс евро - рубль,BBG00ZMKXM17,,EuU2,2022-09-15 00:00:00+00:00,11,1000.0,True,1,SPBFUT,0.0
232,Si-12.21 Курс доллар - рубль,BBG00R3PT7K2,,SiZ1,2021-12-16 00:00:00+00:00,1,1000.0,False,1,SPBFUT,0.0
233,GBPU-3.22 Курс Фунт стерлингов - Доллар,FUTGBPU03220,,GUH2,2022-03-17 00:00:00+00:00,1,1000.0,True,1,SPBFUT,0.0
234,Eu-6.21 Курс евро - рубль,BBG00R3PT7G7,,EuM1,2021-06-17 00:00:00+00:00,1,1000.0,False,1,SPBFUT,0.0
235,BR-7.21 Нефть Brent,BBG00VQ3TPQ1,,BRN1,2021-01-07 00:00:00+00:00,1,10.0,False,1,SPBFUT,0.0
236,FEES-3.22 ФСК ЕЭС,FUTFEES03220,,FSH2,2022-03-30 00:00:00+00:00,1,100000.0,True,1,SPBFUT,0.0
237,Co-10.21 Медь,FUTCO1021000,,CoV1,2021-10-19 00:00:00+00:00,1,100.0,False,1,SPBFUT,0.0
238,BR-11.21 Нефть Brent,BBG00XZX06P5,,BRX1,2021-11-01 00:00:00+00:00,1,10.0,False,1,SPBFUT,0.0
239,GOLD-6.22 Золото,FUTGOLD06220,,GDM2,2022-06-16 00:00:00+00:00,11,1.0,True,1,SPBFUT,0.0
240,SNGR-3.22 Сургутнефтегаз,FUTSNGR03220,,SNH2,2022-03-30 00:00:00+00:00,1,1000.0,True,1,SPBFUT,0.0
241,SILV-6.22 Серебро,FUTSILV06220,,SVM2,2022-06-16 00:00:00+00:00,11,10.0,True,1,SPBFUT,0.0
242,Si-9.21 Курс доллар - рубль,BBG00Q89TCN1,,SiU1,2021-09-16 00:00:00+00:00,1,1000.0,False,1,SPBFUT,0.0
243,DSKY-3.22 Детский мир,FUTDSKY03220,,DYH2,2022-03-30 00:00:00+00:00,1,100.0,True,1,SPBFUT,0.0
244,MIX-6.22 Индекс МосБиржи,FUTMIX062200,,MXM2,2022-06-16 00:00:00+00:00,11,1.0,True,1,SPBFUT,0.0
245,Si-9.23 Курс доллар - рубль,FUTSI0923000,,SiU3,2023-09-21 00:00:00+00:00,11,1000.0,True,1,SPBFUT,0.0
246,NG-1.22 Природный газ,FUTNG0122000,,NGF2,2022-01-27 00:00:00+00:00,1,100.0,True,1,SPBFUT,0.0
247,NG-10.21 Природный газ,FUTNG1021000,,NGV1,2021-10-27 00:00:00+00:00,1,100.0,False,1,SPBFUT,0.0
248,RTSM-12.21 Индекс РТС (мини),FUTRTSM12210,,RMZ1,2021-12-16 00:00:00+00:00,1,1.0,False,1,SPBFUT,0.0
249,SMLT-9.22 ГК Самолет,FUTSMLT09220,,SSU2,2022-09-16 00:00:00+00:00,11,1.0,False,1,SPBFUT,0.0
250,RTSS-6.22 Индекс голубых фишек,FUTRTSS06220,,RSM2,2022-06-16 00:00:00+00:00,11,1.0,False,1,SPBFUT,0.0
251,RTSM-12.22 Индекс РТС (мини),FUTRTSM12220,,RMZ2,2022-12-15 00:00:00+00:00,11,1.0,True,1,SPBFUT,0.0
252,HYDR-6.21 Русгидро,BBG00XGJ40K1,,HYM1,2021-06-18 00:00:00+00:00,1,10000.0,False,1,SPBFUT,0.0
253,MOEX-12.21 Московская биржа,FUTMOEX12210,,MEZ1,2021-12-17 00:00:00+00:00,1,100.0,False,1,SPBFUT,0.0
254,LKOH-3.21 Лукойл,BBG00SMQ3MB2,,LKH1,2021-03-19 00:00:00+00:00,1,10.0,False,1,SPBFUT,0.0
255,FIVE-3.22 X5 RetailGroup,FUTFIVE03220,,FVH2,2022-03-30 00:00:00+00:00,1,10.0,True,1,SPBFUT,0.0
256,PLT-3.22 Платина,FUTPLT032200,,PTH2,2022-03-17 00:00:00+00:00,1,1.0,True,1,SPBFUT,0.0
257,RSTI-3.22 Российские сети (обыкновенные),FUTRSTI03220,,REH2,2022-03-30 00:00:00+00:00,1,10000.0,True,1,SPBFUT,0.0
258,ROSN-9.21 Роснефть,BBG00Y6S1W41,,RNU1,2021-09-17 00:00:00+00:00,1,100.0,False,1,SPBFUT,0.0
259,OZON-6.22 Озон,FUTOZON06220,,OZM2,2022-06-17 00:00:00+00:00,11,10.0,True,1,SPBFUT,0.0
260,LKOH-9.22 Лукойл,FUTLKOH09220,,LKU2,2022-09-16 00:00:00+00:00,11,10.0,True,1,SPBFUT,0.0
261,MOEX-6.22 Московская биржа,FUTMOEX06220,,MEM2,2022-06-17 00:00:00+00:00,11,100.0,True,1,SPBFUT,0.0
262,PHOR-3.22 ФосАгро,FUTPHOR03220,,PHH2,2022-03-30 00:00:00+00:00,1,1.0,True,1,SPBFUT,0.0
263,AFLT-3.21 Аэрофлот,BBG00X565208,,AFH1,2021-03-19 00:00:00+00:00,1,100.0,False,1,SPBFUT,0.0
264,SPYF-9.21 SPDR S&P 500 ETF Trust,FUTSPYF92100,,SFU1,2021-09-17 00:00:00+00:00,1,1.0,False,1,SPBFUT,0.0
265,HYDR-3.22 РусГидро,FUTHYDR03220,,HYH2,2022-03-30 00:00:00+00:00,1,10000.0,True,1,SPBFUT,0.0
266,BR-5.21 Нефть Brent,BBG00TJ97V73,,BRK1,2021-05-04 00:00:00+00:00,1,10.0,False,1,SPBFUT,0.0
267,FNI-6.22 Индекс Финансов,FUTFNI062200,,FNM2,2022-06-16 00:00:00+00:00,11,1.0,True,1,SPBFUT,0.0
268,ROSN-3.21 Роснефть,BBG00Y6S1W23,,RNH1,2021-03-19 00:00:00+00:00,1,100.0,False,1,SPBFUT,0.0
269,ROSN-6.21 Роснефть,BBG00Y6S1W32,,RNM1,2021-06-18 00:00:00+00:00,1,100.0,False,1,SPBFUT,0.0
270,MAGN-9.22 ММК,FUTMAGN09220,,MGU2,2022-09-16 00:00:00+00:00,11,1000.0,False,1,SPBFUT,0.0
271,RTS-12.21 Индекс РТС,BBG000T2XMV4,,RIZ1,2021-12-16 00:00:00+00:00,1,1.0,False,1,SPBFUT,0.0
272,MTSI-3.22 МТС,FUTMTSI03220,,MTH2,2022-03-30 00:00:00+00:00,1,100.0,True,1,SPBFUT,0.0
273,CHMF-9.21 Северсталь,FUTCHMF09210,,CHU1,2021-09-17 00:00:00+00:00,1,100.0,False,1,SPBFUT,0.0
274,UJPY-3.22 Курс доллар США - Японская йена,FUTUJPY03220,,JPH2,2022-03-17 00:00:00+00:00,1,1000.0,True,1,SPBFUT,0.0
275,MAIL-6.22 VK,FUTMAIL06220,,MLM2,2022-06-17 00:00:00+00:00,11,10.0,True,1,SPBFUT,0.0
276,FEES-9.22 ФСК ЕЭС,FUTFEES09220,,FSU2,2022-09-16 00:00:00+00:00,11,100000.0,False,1,SPBFUT,0.0
277,FEES-9.21 ФСК ЕЭС,FUTFEES09210,,FSU1,2021-09-17 00:00:00+00:00,1,100000.0,False,1,SPBFUT,0.0
278,AFLT-9.22  Аэрофлот,FUTAFLT09220,,AFU2,2022-09-16 00:00:00+00:00,11,100.0,False,1,SPBFUT,0.0
279,CHMF-9.22 Северсталь,FUTCHMF09220,,CHU2,2022-09-16 00:00:00+00:00,11,100.0,False,1,SPBFUT,0.0
280,SPYF-6.22 SPDR S&P 500 ETF Trust,FUTSPYF06220,,SFM2,2022-06-17 00:00:00+00:00,11,1.0,True,1,SPBFUT,0.0
281,TATN-6.21 Татнефть,BBG00XGJ4C98,,TTM1,2021-06-18 00:00:00+00:00,1,100.0,False,1,SPBFUT,0.0
282,ED-6.21 Курс евро - доллар,BBG00X44XJK4,,EDM1,2021-06-17 00:00:00+00:00,1,1000.0,False,1,SPBFUT,0.0
283,ROSN-12.22 Роснефть,FUTROSN12220,,RNZ2,2022-12-16 00:00:00+00:00,11,100.0,True,1,SPBFUT,0.0
284,MIX-3.23 Индекс МосБиржи,FUTMIX032300,,MXH3,2023-03-16 00:00:00+00:00,11,1.0,False,1,SPBFUT,0.0
285,RVI-11.21 Волатильность российского рынка,FUTRVI112100,,VIX1,2021-11-18 00:00:00+00:00,1,1.0,False,1,SPBFUT,0.0
286,MIX-6.21 Индекс МосБиржи,BBG00V8GS4K6,,MXM1,2021-06-17 00:00:00+00:00,1,1.0,False,1,SPBFUT,0.0
287,ROSN-12.24 Роснефть,FUTROSN12240,,RNZ4,2024-12-20 00:00:00+00:00,11,100.0,True,1,SPBFUT,0.0
288,MIX-3.22 Индекс МосБиржи,FUTMIX032200,,MXH2,2022-03-29 00:00:00+00:00,1,1.0,True,1,SPBFUT,0.0
289,MXI-9.24 Индекс МосБиржи (мини),FUTMXI092400,,MMU4,2024-09-19 00:00:00+00:00,11,1.0,True,1,SPBFUT,0.0
290,LKOH-9.21 Лукойл,BBG00XGJ43D3,,LKU1,2021-09-17 00:00:00+00:00,1,10.0,False,1,SPBFUT,0.0
291,GMKN-6.21 Норильский никель,BBG00VLFPTR4,,GKM1,2021-06-18 00:00:00+00:00,1,1.0,False,1,SPBFUT,0.0
292,HYDR-9.21 Русгидро,BBG00YLWH2T7,,HYU1,2021-09-17 00:00:00+00:00,1,10000.0,False,1,SPBFUT,0.0
293,Nl-8.21 Никель,FUTNL0821000,,NlQ1,2021-08-17 00:00:00+00:00,1,100.0,False,1,SPBFUT,0.0
294,RVI-2.22 Волатильность российского рынка,FUTRVI022200,,VIG2,2022-02-17 00:00:00+00:00,1,1.0,True,1,SPBFUT,0.0
295,Si-6.23 Курс доллар - рубль,FUTSI0623000,,SiM3,2023-06-15 00:00:00+00:00,11,1000.0,True,1,SPBFUT,0.0
296,YNDF-3.22 Яндекс,FUTYNDF03220,,YNH2,2022-03-30 00:00:00+00:00,1,10.0,True,1,SPBFUT,0.0
297,LKOH-12.21 Лукойл,BBG00YLWH3C3,,LKZ1,2021-12-17 00:00:00+00:00,1,10.0,False,1,SPBFUT,0.0
298,Eu-12.21 Курс евро - рубль,BBG00VHGV1B8,,EuZ1,2021-12-16 00:00:00+00:00,1,1000.0,False,1,SPBFUT,0.0
299,VTBR-6.21 ВТБ,BBG00XGJ4DN0,,VBM1,2021-06-18 00:00:00+00:00,1,100000.0,False,1,SPBFUT,0.0
300,MGNT-12.22 Магнит,FUTMGNT12220,,MNZ2,2022-12-16 00:00:00+00:00,11,1.0,False,1,SPBFUT,0.0
301,NG-4.22 Природный газ,FUTNG0422000,,NGJ2,2022-04-27 00:00:00+00:00,1,100.0,True,1,SPBFUT,0.0
302,MGNT-12.21 Магнит,FUTMGNT12210,,MNZ1,2021-12-17 00:00:00+00:00,1,1.0,False,1,SPBFUT,0.0
303,ROSN-6.22 Роснефть,FUTROSN06220,,RNM2,2022-06-17 00:00:00+00:00,11,100.0,True,1,SPBFUT,0.0
304,FIVE-9.21 X5 RetailGroup,FUTFIVE09210,,FVU1,2021-09-17 00:00:00+00:00,1,10.0,False,1,SPBFUT,0.0
305,ROSN-6.24 Роснефть,FUTROSN06240,,RNM4,2024-06-21 00:00:00+00:00,11,100.0,True,1,SPBFUT,0.0
306,NG-9.22 Природный газ,FUTNG0922000,,NGU2,2022-09-28 00:00:00+00:00,11,100.0,False,1,SPBFUT,0.0
307,IRAO-6.22 Интер РАО ЕЭС,FUTIRAO06220,,IRM2,2022-06-17 00:00:00+00:00,11,10000.0,True,1,SPBFUT,0.0
308,USDRUBF Доллар - Рубль,FUTUSDRUBF00,,USDRUBF,2099-12-31 00:00:00+00:00,11,1000.0,True,1,SPBFUT,0.0
309,ED-9.21 Курс евро - доллар,BBG00YFJ34W0,,EDU1,2021-09-16 00:00:00+00:00,1,1000.0,False,1,SPBFUT,0.0
310,GOLD-12.21 Золото,BBG00YFJ34X9,,GDZ1,2021-12-16 00:00:00+00:00,1,1.0,False,1,SPBFUT,0.0
311,Nl-5.22 Никель,FUTNL0522000,,NlK2,2022-05-17 00:00:00+00:00,11,100.0,False,1,SPBFUT,0.0
312,SILV-12.21 Серебро,BBG00YFJ3548,,SVZ1,2021-12-16 00:00:00+00:00,1,10.0,False,1,SPBFUT,0.0
313,ED-6.22 Курс евро - доллар,FUTED0622000,,EDM2,2022-06-16 00:00:00+00:00,11,1000.0,True,1,SPBFUT,0.0
314,HYDR-9.22 РусГидро,FUTHYDR09220,,HYU2,2022-09-16 00:00:00+00:00,11,10000.0,False,1,SPBFUT,0.0
315,Co-4.22 Медь,FUTCO0422000,,CoJ2,2022-04-19 00:00:00+00:00,1,100.0,False,1,SPBFUT,0.0
316,DSKY-9.22 Детский мир,FUTDSKY09220,,DYU2,2022-09-16 00:00:00+00:00,11,100.0,False,1,SPBFUT,0.0
317,MIX-12.21 Индекс МосБиржи,BBG00YFJ3511,,MXZ1,2021-12-16 00:00:00+00:00,1,1.0,False,1,SPBFUT,0.0
318,BR-2.23 Нефть Brent,FUTBR0223000,,BRG3,2023-02-01 00:00:00+00:00,11,10.0,False,1,SPBFUT,0.0
319,Eu-12.22 Курс евро - рубль,FUTEU1222000,,EuZ2,2022-12-15 00:00:00+00:00,11,1000.0,True,1,SPBFUT,0.0
320,GAZR-12.21 Газпром,BBG00YLWH468,,GZZ1,2021-12-17 00:00:00+00:00,1,100.0,False,1,SPBFUT,0.0
321,AFLT-3.22  Аэрофлот,FUTAFLT03220,,AFH2,2022-03-30 00:00:00+00:00,1,100.0,True,1,SPBFUT,0.0
322,ROSN-12.21 Роснефть,BBG00YLWH4D0,,RNZ1,2021-12-17 00:00:00+00:00,1,100.0,False,1,SPBFUT,0.0
323,SUGR-7.22 Cахар,FUTSUGR07220,,SAN2,2022-07-01 00:00:00+00:00,11,1016.0,False,1,SPBFUT,0.0
324,SBPR-3.21 Сбербанк (привилегированные),BBG00X5653S6,,SPH1,2021-03-19 00:00:00+00:00,1,100.0,False,1,SPBFUT,0.0
325,MAIL-12.21 VK,FUTMAIL12210,,MLZ1,2021-12-17 00:00:00+00:00,1,10.0,False,1,SPBFUT,0.0
326,RSTI-9.22 Российские сети (обыкновенные),FUTRSTI09220,,REU2,2022-09-16 00:00:00+00:00,11,10000.0,False,1,SPBFUT,0.0
327,Nl-6.22 Никель,FUTNL0622000,,NlM2,2022-06-14 00:00:00+00:00,11,100.0,False,1,SPBFUT,0.0
328,LKOH-3.22 Лукойл,FUTLKOH03220,,LKH2,2022-03-30 00:00:00+00:00,1,10.0,True,1,SPBFUT,0.0
329,BR-6.21 Нефть Brent,BBG00V2ZPST1,,BRM1,2021-05-31 00:00:00+00:00,1,10.0,False,1,SPBFUT,0.0
330,FIVE-9.22 X5 RetailGroup,FUTFIVE09220,,FVU2,2022-09-16 00:00:00+00:00,11,10.0,False,1,SPBFUT,0.0
331,OZON-12.21 Озон,FUTOZON12210,,OZZ1,2021-12-17 00:00:00+00:00,1,10.0,False,1,SPBFUT,0.0
332,Si-6.22 Курс доллар - рубль,BBG00VHGV1J0,,SiM2,2022-06-16 00:00:00+00:00,11,1000.0,True,1,SPBFUT,0.0
333,Eu-3.23 Курс евро - рубль,FUTEU0323000,,EuH3,2023-03-16 00:00:00+00:00,11,1000.0,True,1,SPBFUT,0.0
334,VTBR-3.21 ВТБ,BBG00VLFQ7F4,,VBH1,2021-03-19 00:00:00+00:00,1,100000.0,False,1,SPBFUT,0.0
335,RVI-5.22 Волатильность российского рынка,FUTRVI052200,,VIK2,2022-05-19 00:00:00+00:00,11,1.0,True,1,SPBFUT,0.0
336,PLZL-12.21 Полюс Золото,FUTPLZL12210,,PZZ1,2021-12-17 00:00:00+00:00,1,10.0,False,1,SPBFUT,0.0
337,ALRS-6.22 Алроса,FUTALRS06220,,ALM2,2022-06-17 00:00:00+00:00,11,100.0,True,1,SPBFUT,0.0
338,SBRF-9.21 Сбер Банк (обыкновенные),BBG00YLWH4F8,,SRU1,2021-09-17 00:00:00+00:00,1,100.0,False,1,SPBFUT,0.0
339,TRNF-9.22 Транснефть (привилегированные),FUTTRNF09220,,TNU2,2022-09-16 00:00:00+00:00,11,1.0,False,1,SPBFUT,0.0
340,BR-4.22 Нефть Brent,FUTBR0422000,,BRJ2,2022-04-01 00:00:00+00:00,1,10.0,True,1,SPBFUT,0.0
341,BR-11.22 Нефть Brent,FUTBR1122000,,BRX2,2022-11-01 00:00:00+00:00,11,10.0,True,1,SPBFUT,0.0
342,VTBR-9.21 ВТБ,BBG00YLWH510,,VBU1,2021-09-17 00:00:00+00:00,1,100000.0,False,1,SPBFUT,0.0
343,SPYF-6.21 SPDR S&P 500 ETF Trust,FUTSPYF62100,,SFM1,2021-06-18 00:00:00+00:00,1,1.0,False,1,SPBFUT,0.0
344,IRAO-12.21 Интер РАО ЕЭС,FUTIRAO12210,,IRZ1,2021-12-17 00:00:00+00:00,1,10000.0,False,1,SPBFUT,0.0
345,SNGP-9.22 Сургутнефтегаз (привилегированные),FUTSNGP09220,,SGU2,2022-09-16 00:00:00+00:00,11,1000.0,False,1,SPBFUT,0.0
346,GAZR-9.24 Газпром,FUTGAZR09240,,GZU4,2024-09-20 00:00:00+00:00,11,100.0,True,1,SPBFUT,0.0
347,MGNT-9.22 Магнит,FUTMGNT09220,,MNU2,2022-09-16 00:00:00+00:00,11,1.0,False,1,SPBFUT,0.0
348,Co-8.21 Медь,FUTCO0821000,,CoQ1,2021-08-17 00:00:00+00:00,1,100.0,False,1,SPBFUT,0.0
349,GAZR-9.22 Газпром,FUTGAZR09220,,GZU2,2022-09-16 00:00:00+00:00,11,100.0,True,1,SPBFUT,0.0
350,UCAD-9.21 Курс Доллар США - Канадский доллар,FUTUCAD09210,,CAU1,2021-09-16 00:00:00+00:00,1,1000.0,False,1,SPBFUT,0.0
351,SBRF-9.22 Сбер Банк (обыкновенные),FUTSBRF09220,,SRU2,2022-09-16 00:00:00+00:00,11,100.0,True,1,SPBFUT,0.0
352,UCHF-3.22 Курс доллар США - Швейцарский франк,FUTUCHF03220,,CFH2,2022-03-17 00:00:00+00:00,1,1000.0,True,1,SPBFUT,0.0
353,PLZL-6.22 Полюс Золото,FUTPLZL06220,,PZM2,2022-06-17 00:00:00+00:00,11,10.0,True,1,SPBFUT,0.0
354,RVI-8.21 Волатильность российского рынка,FUTRVI082100,,VIQ1,2021-08-19 00:00:00+00:00,1,1.0,False,1,SPBFUT,0.0
355,SNGP-3.22 Сургутнефтегаз (привилегированные),FUTSNGP03220,,SGH2,2022-03-30 00:00:00+00:00,1,1000.0,True,1,SPBFUT,0.0
356,ALRS-3.22 Алроса,FUTALRS03220,,ALH2,2022-03-30 00:00:00+00:00,1,100.0,True,1,SPBFUT,0.0
357,Co-3.22 Медь,FUTCO0322000,,CoH2,2022-03-15 00:00:00+00:00,1,100.0,False,1,SPBFUT,0.0
358,Nl-2.22 Никель,FUTNL0222000,,NlG2,2022-02-15 00:00:00+00:00,1,100.0,True,1,SPBFUT,0.0
359,CNY-6.22 Курс Юань - Рубль,FUTCNY062200,,CRM2,2022-06-16 00:00:00+00:00,11,1000.0,True,1,SPBFUT,0.0
360,OGI-9.22 Индекс Нефти и газа,FUTOGI092200,,OGU2,2022-09-15 00:00:00+00:00,11,1.0,True,1,SPBFUT,0.0
361,Si-3.22 Курс доллар - рубль,BBG00SF88HL5,,SiH2,2022-03-17 00:00:00+00:00,1,1000.0,True,1,SPBFUT,0.0
362,POLY-6.22 Polymetal,FUTPOLY06220,,POM2,2022-06-17 00:00:00+00:00,11,10.0,True,1,SPBFUT,0.0
363,TATN-12.22 Татнефть,FUTTATN12220,,TTZ2,2022-12-16 00:00:00+00:00,11,100.0,False,1,SPBFUT,0.0
364,ALRS-6.21 Алроса,BBG00VR4G9X0,,ALM1,2021-06-18 00:00:00+00:00,1,100.0,False,1,SPBFUT,0.0
365,BR-4.23 Нефть Brent,FUTBR0423000,,BRJ3,2023-04-03 00:00:00+00:00,11,10.0,False,1,SPBFUT,0.0
366,ALRS-3.21 Алроса,BBG00VR4G9W1,,ALH1,2021-03-19 00:00:00+00:00,1,100.0,False,1,SPBFUT,0.0
367,TATN-12.21 Татнефть,FUTTATN12210,,TTZ1,2021-12-17 00:00:00+00:00,1,100.0,False,1,SPBFUT,0.0
368,RUAL-9.22 РУСАЛ,FUTRUAL09220,,RLU2,2022-09-16 00:00:00+00:00,11,100.0,False,1,SPBFUT,0.0
369,MMI-6.22 Индекс Металлов и добычи,FUTMMI062200,,MAM2,2022-06-16 00:00:00+00:00,11,1.0,True,1,SPBFUT,0.0
370,AUDU-9.21 Курс Австралийский доллар - Доллар США,FUTAUDU09210,,AUU1,2021-09-16 00:00:00+00:00,1,1000.0,False,1,SPBFUT,0.0
371,RTS-12.22 Индекс РТС,FUTRTS122200,,RIZ2,2022-12-15 00:00:00+00:00,11,1.0,True,1,SPBFUT,0.0
372,PLD-12.21 Палладий,FUTPLD122100,,PDZ1,2021-12-16 00:00:00+00:00,1,1.0,False,1,SPBFUT,0.0
373,Eu-9.21 Курс евро - рубль,BBG00SF88HC5,,EuU1,2021-09-16 00:00:00+00:00,1,1000.0,False,1,SPBFUT,0.0
374,Eu-3.21 Курс евро - рубль,BBG00Q6DY1M3,,EuH1,2021-03-18 00:00:00+00:00,1,1000.0,False,1,SPBFUT,0.0
375,BR-1.23 Нефть Brent,FUTBR0123000,,BRF3,2022-12-30 00:00:00+00:00,11,10.0,False,1,SPBFUT,0.0
376,CNI-9.22 Индекс Потребительского сектора,FUTCNI092200,,CSU2,2022-09-15 00:00:00+00:00,11,1.0,True,1,SPBFUT,0.0
377,NOTK-6.22 Новатэк,FUTNOTK06220,,NKM2,2022-06-17 00:00:00+00:00,11,100.0,True,1,SPBFUT,0.0
378,TATN-6.22 Татнефть,FUTTATN06220,,TTM2,2022-06-17 00:00:00+00:00,11,100.0,True,1,SPBFUT,0.0
379,OGI-6.22 Индекс Нефти и газа,FUTOGI062200,,OGM2,2022-02-16 00:00:00+00:00,11,1.0,True,1,SPBFUT,0.0
380,GAZR-3.25 Газпром,FUTGAZR03250,,GZH5,2025-03-21 00:00:00+00:00,11,100.0,True,1,SPBFUT,0.0
381,SILV-6.21 Серебро,BBG00V9Q8VY0,,SVM1,2021-06-17 00:00:00+00:00,1,10.0,False,1,SPBFUT,0.0
382,SBRF-3.23 Сбер Банк (обыкновенные),FUTSBRF03230,,SRH3,2023-03-17 00:00:00+00:00,11,100.0,False,1,SPBFUT,0.0
383,GAZR-3.23 Газпром,FUTGAZR03230,,GZH3,2023-03-17 00:00:00+00:00,11,100.0,False,1,SPBFUT,0.0
384,NLMK-6.22 НЛМК,FUTNLMK06220,,NMM2,2022-06-17 00:00:00+00:00,11,100.0,True,1,SPBFUT,0.0
385,PLT-9.22 Платина,FUTPLT092200,,PTU2,2022-09-15 00:00:00+00:00,11,1.0,True,1,SPBFUT,0.0
386,NG-8.21 Природный газ,FUTNG0821000,,NGQ1,2021-08-27 00:00:00+00:00,1,100.0,False,1,SPBFUT,0.0
387,SBRF-3.22 Сбер Банк (обыкновенные),FUTSBRF03220,,SRH2,2022-03-30 00:00:00+00:00,1,100.0,True,1,SPBFUT,0.0
388,Co-6.22 Медь,FUTCO0622000,,CoM2,2022-06-14 00:00:00+00:00,11,100.0,False,1,SPBFUT,0.0
389,AFLT-9.21 Аэрофлот,BBG00ZJ19V74,,AFU1,2021-09-17 00:00:00+00:00,1,100.0,False,1,SPBFUT,0.0
390,NG-6.22 Природный газ,FUTNG0622000,,NGM2,2022-06-28 00:00:00+00:00,11,100.0,True,1,SPBFUT,0.0
391,BR-8.21 Нефть Brent,BBG00WBLVBS1,,BRQ1,2021-08-02 00:00:00+00:00,1,10.0,False,1,SPBFUT,0.0
392,RTS-3.22 Индекс РТС,FUTRTS032200,,RIH2,2022-03-29 00:00:00+00:00,1,1.0,True,1,SPBFUT,0.0
393,MIX-12.22 Индекс МосБиржи,FUTMIX122200,,MXZ2,2022-12-15 00:00:00+00:00,11,1.0,True,1,SPBFUT,0.0
394,AFKS-12.21 АФК Система - обыкновенные акции,FUTAFKS12210,,AKZ1,2021-12-17 00:00:00+00:00,1,1000.0,False,1,SPBFUT,0.0
395,GAZR-3.22 Газпром,FUTGAZR03220,,GZH2,2022-03-30 00:00:00+00:00,1,100.0,True,1,SPBFUT,0.0
396,NG-3.22 Природный газ,FUTNG0322000,,NGH2,2022-03-29 00:00:00+00:00,1,100.0,True,1,SPBFUT,0.0
397,PLD-3.22 Палладий,FUTPLD032200,,PDH2,2022-03-17 00:00:00+00:00,1,1.0,True,1,SPBFUT,0.0
398,SPYF-3.22 SPDR S&P 500 ETF Trust,FUTSPYF03220,,SFH2,2022-03-18 00:00:00+00:00,1,1.0,True,1,SPBFUT,0.0
399,NLMK-12.22 НЛМК,FUTNLMK12220,,NMZ2,2022-12-16 00:00:00+00:00,11,100.0,False,1,SPBFUT,0.0
400,BR-1.22 Нефть Brent,FUTBR0122000,,BRF2,2022-01-03 00:00:00+00:00,1,10.0,False,1,SPBFUT,0.0
401,CNY-9.22 Курс Юань - Рубль,FUTCNY092200,,CRU2,2022-09-15 00:00:00+00:00,11,1000.0,True,1,SPBFUT,0.0
402,CL-11.21 Нефть Light Sweet Crude Oil,FUTCL1121000,,CLX1,2021-11-19 00:00:00+00:00,1,10.0,False,1,SPBFUT,0.0
403,SMLT-3.22 ГК Самолет,FUTSMLT03220,,SSH2,2022-03-30 00:00:00+00:00,1,1.0,True,1,SPBFUT,0.0
404,LKOH-6.21 Лукойл,BBG00VLFPPN6,,LKM1,2021-06-18 00:00:00+00:00,1,10.0,False,1,SPBFUT,0.0
405,RTS-12.23 Индекс РТС,FUTRTS122300,,RIZ3,2023-12-21 00:00:00+00:00,11,1.0,True,1,SPBFUT,0.0
406,RTSM-6.22 Индекс РТС (мини),FUTRTSM06220,,RMM2,2022-06-16 00:00:00+00:00,11,1.0,True,1,SPBFUT,0.0
407,VTBR-9.22 ВТБ,FUTVTBR09220,,VBU2,2022-09-16 00:00:00+00:00,11,100000.0,True,1,SPBFUT,0.0
408,MTSI-6.22 МТС,FUTMTSI06220,,MTM2,2022-06-17 00:00:00+00:00,11,100.0,True,1,SPBFUT,0.0
409,MMI-9.22 Индекс Металлов и добычи,FUTMMI092200,,MAU2,2022-09-15 00:00:00+00:00,11,1.0,True,1,SPBFUT,0.0
410,RUAL-3.22 РУСАЛ,FUTRUAL03220,,RLH2,2022-03-30 00:00:00+00:00,1,100.0,True,1,SPBFUT,0.0
411,GMKN-3.22 Норильский никель,FUTGMKN03220,,GKH2,2022-03-30 00:00:00+00:00,1,1.0,True,1,SPBFUT,0.0
412,MOEX-9.21 Московская Биржа,BBG00ZJ19VK9,,MEU1,2021-09-17 00:00:00+00:00,1,100.0,False,1,SPBFUT,0.0
413,PLT-9.21 Платина,FUTPLT092100,,PTU1,2021-09-16 00:00:00+00:00,1,1.0,False,1,SPBFUT,0.0
414,SIBN-6.22 Газпром нефть,FUTSIBN06220,,SOM2,2022-06-17 00:00:00+00:00,11,10.0,True,1,SPBFUT,0.0
415,MAGN-9.21 ММК,BBG00ZJ19VL8,,MGU1,2021-09-17 00:00:00+00:00,1,1000.0,False,1,SPBFUT,0.0
416,SNGP-9.21 Сургутнефтегаз (привилегированные),BBG00ZJ19W09,,SGU1,2021-09-17 00:00:00+00:00,1,1000.0,False,1,SPBFUT,0.0
417,GBPU-9.21 Курс Фунт стерлингов - Доллар,FUTGBPU09210,,GUU1,2021-09-16 00:00:00+00:00,1,1000.0,False,1,SPBFUT,0.0
418,ED-9.22 Курс евро - доллар,FUTED0922000,,EDU2,2022-09-15 00:00:00+00:00,11,1000.0,True,1,SPBFUT,0.0
419,MXI-6.21 Индекс МосБиржи (мини),BBG00V9Q8FW7,,MMM1,2021-06-17 00:00:00+00:00,1,1.0,False,1,SPBFUT,0.0
420,YNDF-9.21 Яндекс,BBG00ZJ19W72,,YNU1,2021-09-16 00:00:00+00:00,1,10.0,False,1,SPBFUT,0.0
421,UCAD-3.22 Курс Доллар США - Канадский доллар,FUTUCAD03220,,CAH2,2022-03-17 00:00:00+00:00,1,1000.0,True,1,SPBFUT,0.0
422,UCHF-9.21 Курс доллар США - Швейцарский франк,FUTUCHF09210,,CFU1,2021-09-16 00:00:00+00:00,1,1000.0,False,1,SPBFUT,0.0
423,PLT-12.21 Платина,FUTPLT122100,,PTZ1,2021-12-16 00:00:00+00:00,1,1.0,False,1,SPBFUT,0.0
424,HOME-6.22 Индекс московской недвижимости,FUTHOME06220,,HOM2,2022-06-22 00:00:00+00:00,11,1.0,True,1,SPBFUT,0.0
425,BR-6.22 Нефть Brent,FUTBR0622000,,BRM2,2022-06-01 00:00:00+00:00,11,10.0,True,1,SPBFUT,0.0
426,BR-10.21 Нефть Brent,BBG00XL6Z1Z1,,BRV1,2021-10-01 00:00:00+00:00,1,10.0,False,1,SPBFUT,0.0
427,CHMF-6.22 Северсталь,FUTCHMF06220,,CHM2,2022-06-17 00:00:00+00:00,11,100.0,False,1,SPBFUT,0.0
428,GOLD-12.22 Золото,FUTGOLD12220,,GDZ2,2022-12-15 00:00:00+00:00,11,1.0,True,1,SPBFUT,0.0
429,PIKK-9.22 ПИК,FUTPIKK09220,,PIU2,2022-09-16 00:00:00+00:00,11,10.0,False,1,SPBFUT,0.0
430,PLD-6.21 Палладий,FUTPLD062100,,PDM1,2021-06-17 00:00:00+00:00,1,1.0,False,1,SPBFUT,0.0
431,RTS-3.23 Индекс РТС,FUTRTS032300,,RIH3,2023-03-16 00:00:00+00:00,11,1.0,True,1,SPBFUT,0.0
432,PLD-12.22 Палладий,FUTPLD122200,,PDZ2,2022-12-15 00:00:00+00:00,11,1.0,False,1,SPBFUT,0.0
433,RTKM-12.21 Ростелеком,FUTRTKM12210,,RTZ1,2021-12-17 00:00:00+00:00,1,100.0,False,1,SPBFUT,0.0
434,NLMK-12.21 НЛМК,FUTNLMK12210,,NMZ1,2021-12-17 00:00:00+00:00,1,100.0,False,1,SPBFUT,0.0
435,SILV-9.21 Серебро,BBG00X451Q39,,SVU1,2021-09-16 00:00:00+00:00,1,10.0,False,1,SPBFUT,0.0
436,MTLR-3.22 Мечел (обыкновенные),FUTMTLR03220,,MCH2,2022-03-30 00:00:00+00:00,1,100.0,True,1,SPBFUT,0.0
437,PLT-6.22 Платина,FUTPLT062200,,PTM2,2022-06-16 00:00:00+00:00,11,1.0,True,1,SPBFUT,0.0
438,UJPY-9.21 Курс доллар США - Японская йена,FUTUJPY09210,,JPU1,2021-09-16 00:00:00+00:00,1,1000.0,False,1,SPBFUT,0.0
439,Eu-3.22 Курс евро - рубль,BBG00X869ZD4,,EuH2,2022-03-17 00:00:00+00:00,1,1000.0,True,1,SPBFUT,0.0
440,MXI-3.21 Индекс МосБиржи (мини),BBG00S76JLM6,,MMH1,2021-03-18 00:00:00+00:00,1,1.0,False,1,SPBFUT,0.0
441,ALMN-8.21 Алюминий,FUTALMN08210,,AMQ1,2021-08-17 00:00:00+00:00,1,1.0,False,1,SPBFUT,0.0
442,MAGN-12.21 ММК,FUTMAGN12210,,MGZ1,2021-12-17 00:00:00+00:00,1,1000.0,False,1,SPBFUT,0.0
443,NG-11.21 Природный газ,FUTNG1121000,,NGX1,2021-11-26 00:00:00+00:00,1,100.0,False,1,SPBFUT,0.0
444,PLT-12.22 Платина,FUTPLT122200,,PTZ2,2022-12-15 00:00:00+00:00,11,1.0,False,1,SPBFUT,0.0
445,GOLD-3.21 Золото,BBG00S76JLH2,,GDH1,2021-03-18 00:00:00+00:00,1,1.0,False,1,SPBFUT,0.0
446,AFKS-6.22 АФК Система (обыкновенные),FUTAFKS06220,,AKM2,2022-06-17 00:00:00+00:00,11,1000.0,True,1,SPBFUT,0.0
447,Co-8.22 Медь,FUTCO0822000,,CoQ2,2022-08-16 00:00:00+00:00,11,100.0,False,1,SPBFUT,0.0
448,RTKM-6.22 Ростелеком,FUTRTKM06220,,RTM2,2022-06-17 00:00:00+00:00,11,100.0,True,1,SPBFUT,0.0
449,MIX-9.22 Индекс МосБиржи,FUTMIX092200,,MXU2,2022-09-15 00:00:00+00:00,11,1.0,True,1,SPBFUT,0.0
450,AUDU-3.22 Курс Австралийский доллар - Доллар США,FUTAUDU03220,,AUH2,2022-03-17 00:00:00+00:00,1,1000.0,True,1,SPBFUT,0.0
451,MTLR-9.22 Мечел (обыкновенные),FUTMTLR09220,,MCU2,2022-09-16 00:00:00+00:00,11,100.0,False,1,SPBFUT,0.0
452,POLY-12.21 Polymetal,FUTPOLY12210,,POZ1,2021-12-17 00:00:00+00:00,1,10.0,False,1,SPBFUT,0.0
453,PIKK-3.22 ПИК,FUTPIKK03220,,PIH2,2022-03-30 00:00:00+00:00,1,10.0,True,1,SPBFUT,0.0
454,SBPR-6.22 Сбер Банк (привилегированные),FUTSBPR06220,,SPM2,2022-06-17 00:00:00+00:00,11,100.0,True,1,SPBFUT,0.0
455,RTS-6.22 Индекс РТС,FUTRTS062200,,RIM2,2022-06-16 00:00:00+00:00,11,1.0,True,1,SPBFUT,0.0
456,RVI-3.22 Волатильность российского рынка,FUTRVI032200,,VIH2,2022-03-29 00:00:00+00:00,1,1.0,True,1,SPBFUT,0.0
457,SILV-3.21 Серебро,BBG00S76JLV6,,SVH1,2021-03-18 00:00:00+00:00,1,10.0,False,1,SPBFUT,0.0
458,Eu-6.23 Курс евро - рубль,FUTEU0623000,,EuM3,2023-06-15 00:00:00+00:00,11,1000.0,True,1,SPBFUT,0.0
459,FNI-9.22 Индекс Финансов,FUTFNI092200,,FNU2,2022-09-15 00:00:00+00:00,11,1.0,True,1,SPBFUT,0.0
460,PLD-6.22 Палладий,FUTPLD062200,,PDM2,2022-06-16 00:00:00+00:00,11,1.0,True,1,SPBFUT,0.0
461,RTS-9.21 Индекс РТС,BBG000T2X1R5,,RIU1,2021-09-16 00:00:00+00:00,1,1.0,False,1,SPBFUT,0.0
462,GMKN-9.22 Норильский никель,FUTGMKN09220,,GKU2,2022-09-16 00:00:00+00:00,11,1.0,False,1,SPBFUT,0.0
463,SILV-12.22 Серебро,FUTSILV12220,,SVZ2,2022-12-15 00:00:00+00:00,11,10.0,True,1,SPBFUT,0.0
464,VTBR-3.22 ВТБ,FUTVTBR03220,,VBH2,2022-03-30 00:00:00+00:00,1,100000.0,True,1,SPBFUT,0.0
